product_id,
186,
187,
188,
189,
190,
191,
194,
212,
213,
221,
226,
226,
226,
226,
226,
226,
227,
227,
227,
227,
227,
227,
227,
227,
232,
232,
232,
232,
232,
232,
232,
232,
240,
240,
240,
240,
240,
240,
240,
240,
242,
242,
242,
242,
242,
242,
242,
242,
242,
247,
247,
247,
247,
247,
247,
247,
247,
247,
248,
248,
248,
248,
248,
248,
248,
248,
248,
248,
254,
254,
254,
254,
254,
254,
254,
256,
256,
256,
256,
256,
256,
256,
256,
256,
256,
257,
257,
257,
257,
257,
257,
257,
257,
260,
260,
260,
260,
260,
260,
260,
260,
265,
265,
265,
265,
265,
265,
265,
268,
268,
268,
268,
268,
270,
270,
270,
270,
270,
270,
270,
270,
285,
285,
285,
285,
285,
285,
285,
285,
292,
292,
292,
292,
292,
292,
292,
292,
297,
297,
297,
297,
297,
297,
297,
297,
298,
298,
298,
298,
298,
298,
298,
298,
300,
300,
300,
300,
300,
300,
300,
300,
300,
300,
347,
347,
347,
347,
347,
347,
347,
347,
347,
347,
349,
349,
349,
349,
349,
349,
349,
349,
350,
350,
350,
350,
350,
350,
350,
350,
350,
350,
364,
364,
364,
364,
364,
364,
364,
364,
364,
364,
365,
365,
365,
365,
365,
365,
365,
365,
365,
365,
368,
368,
368,
368,
368,
368,
368,
368,
368,
368,
369,
369,
369,
369,
369,
370,
370,
370,
370,
370,
371,
371,
371,
371,
371,
371,
371,
371,
372,
372,
372,
372,
372,
372,
372,
372,
373,
373,
373,
373,
373,
373,
373,
373,
374,
374,
374,
374,
374,
374,
374,
374,
375,
375,
375,
375,
375,
375,
375,
375,
376,
376,
376,
376,
376,
376,
376,
376,
377,
377,
377,
377,
377,
377,
377,
377,
378,
378,
378,
378,
378,
378,
378,
378,
379,
379,
379,
379,
379,
379,
379,
379,
380,
380,
380,
380,
380,
380,
380,
380,
380,
380,
381,
381,
381,
381,
381,
381,
381,
381,
382,
382,
382,
382,
382,
382,
382,
382,
383,
383,
383,
383,
383,
383,
383,
383,
384,
384,
384,
384,
384,
384,
384,
384,
385,
385,
385,
385,
385,
385,
385,
385,
385,
385,
386,
386,
386,
386,
386,
386,
386,
386,
387,
387,
387,
387,
387,
387,
387,
387,
388,
388,
388,
388,
388,
388,
388,
388,
389,
389,
389,
389,
389,
389,
389,
389,
390,
390,
390,
390,
390,
390,
390,
390,
391,
391,
391,
391,
391,
391,
391,
391,
393,
393,
393,
393,
393,
393,
393,
393,
394,
394,
394,
394,
394,
394,
394,
394,
395,
395,
395,
395,
395,
395,
395,
395,
396,
396,
396,
396,
396,
396,
396,
396,
397,
397,
397,
397,
397,
397,
397,
397,
398,
398,
398,
398,
398,
398,
398,
398,
399,
399,
399,
399,
399,
399,
399,
399,
401,
401,
401,
401,
401,
401,
401,
401,
402,
402,
402,
402,
402,
402,
402,
402,
403,
403,
403,
403,
403,
403,
403,
403,
404,
404,
404,
404,
404,
404,
404,
404,
405,
405,
405,
405,
405,
405,
405,
405,
406,
406,
406,
406,
406,
406,
406,
406,
407,
407,
407,
407,
407,
408,
408,
408,
408,
408,
409,
409,
409,
409,
409,
409,
409,
409,
410,
410,
410,
410,
410,
410,
410,
410,
410,
410,
411,
411,
411,
411,
411,
412,
412,
412,
412,
412,
412,
412,
412,
413,
413,
413,
413,
413,
413,
413,
413,
413,
414,
414,
414,
414,
414,
414,
414,
414,
415,
415,
415,
415,
415,
415,
415,
415,
416,
416,
416,
416,
416,
418,
418,
418,
418,
418,
419,
419,
419,
419,
419,
419,
419,
419,
419,
420,
420,
420,
420,
420,
420,
420,
420,
420,
421,
421,
421,
421,
421,
421,
421,
421,
421,
422,
422,
422,
422,
422,
423,
423,
423,
423,
423,
424,
424,
424,
424,
424,
425,
425,
425,
425,
425,
426,
426,
426,
426,
426,
427,
427,
427,
427,
427,
428,
428,
428,
428,
428,
429,
429,
429,
429,
429,
430,
430,
430,
430,
430,
431,
431,
431,
431,
431,
432,
432,
432,
432,
432,
433,
433,
433,
433,
433,
434,
434,
434,
434,
434,
435,
435,
435,
435,
435,
436,
436,
436,
436,
436,
437,
437,
437,
437,
437,
438,
438,
438,
438,
438,
439,
439,
439,
439,
439,
440,
440,
440,
440,
440,
441,
441,
441,
441,
441,
442,
442,
442,
442,
442,
442,
442,
442,
443,
443,
443,
443,
443,
444,
444,
444,
444,
444,